id,url,title,text
20211113201500-T241,https://zonanortevision.com.ar/252910/las-mascotas-pueden-sufrir-golpes-de-calor-como-prevenirlos/,"Las altas temperaturas pueden ser muy peligrosas para nuestras mascotas, por lo que es sumamente importante prestar atención a reacciones inusuales y tomar las medidas necesarias para prevenir problemas en su salud tanto en perros como en gatos.

Llegan las altas temperaturas y con ellas, es indispensable el cuidado de las mascotas que pueden verse afectadas. Para ello es tan importante conocer las reacciones que pueden presentar los animales en estas situaciones como tomar medidas que prevengan cualquier tipo de problema en su salud.

En el caso de los perros, estos regulan su temperatura corporal mediante los jadeos y eliminan sudor a través de las almohadillas de sus patas. Los gatos, por su parte, lo hacen a través del lamido corporal. Cuando el exceso de calor los supera, estos métodos de “autorregulación” dejan de ser suficientes, y en su lugar pueden notarse signos que alertan, como:

Decaimiento y/o dificultad para moverse

Jadeo excesivo o hipersalivación

Temblores

Vómitos

Ante estos signos, es necesario acudir lo más rápido posible a un veterinario, y ayudarlos inmediatamente con los primeros auxilios:

Para disminuir su temperatura corporal, es posible refrescar su cuerpo con agua a temperatura ambiental, especialmente las zonas de piel fina como axilas e ingle.

Si no está vomitando, ofrecerle agua limpia y procurar que no se acelere al beberla, para estabilizar sus niveles de hidratación.

“Ciertas características de nuestras mascotas pueden hacer que estas temperaturas sean más o menos peligrosas para ellos. Por ejemplo, los perros de edad avanzada, con sobrepeso u obesidad y razas braquicefálicas (con cara chata como el bulldog, bullmastiff, pug, boston terrier,etc) son aún más sensibles al calor”, explica Tamara Cursach, Jefa de Comunicación Científica e investigación de Vitalcan.

Sin embargo, es necesario que todas las mascotas, sin importar su peso, edad, o diferencias, tengan el cuidado necesario y especial en estas circunstancias. Para ello, veterinarios aconsejan una serie de tips a tener en cuenta en los días de calor:

La hidratación es fundamental. Es importante asegurarse de que siempre tenga disponible agua fresca y limpia para beber en casa. Cuando salga a pasear o esté al aire libre también es aconsejable mojarlo cada tanto.

Evitar dejarlo expuesto en lugares de mucho sol como las terrazas. Lo ideal es que puedan descansar a la sombra en lugares ventilados. Se les puede dejar paños húmedos fríos para que puedan recostarse y bajar su temperatura si así lo requieren.

Las rutinas de paseo son recomendables hacerlas a la mañana temprano o al atardecer para evitar las horas más calurosas y siempre por áreas con sombra.

No dejarlos nunca encerrados en el auto o habitaciones sin ventilación.

Evitar algunas prácticas como salir con ellos en bicicleta o correr especialmente en zonas con asfalto ya que la temperatura que levanta el mismo es muy elevada

“Es indispensable prestar atención a las mascotas cuando se trata de temperaturas extremas. En algunos casos es necesario cambiar rutinas para procurar siempre su cuidado y bienestar”, aseguran desde Vitalcan.",Las mascotas pueden sufrir golpes de calor ¿cómo prevenirlos?
20211107000000-T260,http://www.agenciafe.com/nota/340045-Azcar-oculta-en-alimentos-cmo-identificarla-,Sin datos,Sin datos
20211113190000-T406,http://radioamanecer.com.ar/avellaneda-se-une-a-la-lucha-contra-el-cambio-climatico/,"En el marco de la 26ª Conferencia de las Partes (COP 26), que se desarrolla en Glasgow con representantes de todo el mundo, y de las iniciativas locales diseñadas bajo el eje Territorio sostenible, Avellaneda dice presente en el avance de una estrategia global frente al cambio climático.

Las ciudades somos protagonistas en la ejecución de políticas públicas que nos permitan adaptarnos y mitigar aquella cuestión. En este sentido, Avellaneda trabaja para seguir ampliando la red de ciclovías y bicisendas, la más grande del norte santafesino, convencidos que, si usamos la bicicleta, estamos haciendo nuestro aporte en la reducción de emisiones de gases de efecto invernadero.

A modo de recordatorio, dejamos mensajes alusivos en nuestras sendas ciclísticas así, cada vez que los veas, tendrás presente que un pequeño granito de arena de tu parte suma a esta causa contra el cambio climático.",Avellaneda se une a la lucha contra el cambio climático
20211113190000-T479,http://radioamanecer.com.ar/la-provincia-entrego-un-aporte-de-5-millones-de-pesos-a-pequenos-productores-de-calchaqui/,"Los fondos, que alcanzan a 41 productores pecuarios y apícolas de la localidad y la región, posibilitarán que los mismos adquieran bienes de capital para desarrollar sus actividades.

El gobierno provincial, a través del Ministerio de Producción, Ciencia y Tecnología, entregó un aporte de 5 millones de pesos a pequeños productores de actividades pecuarias y apícolas de Calchaquí, acción que se originó en el trabajo conjunto con la Secretaría de Producción local. De la entrega de fondos participó el secretario de Desarrollo Territorial y Arraigo, Fabricio Medina; el intendente Rubén Cuello y la secretaria de Producción, Joana Mussin, junto a representantes del sector productivo de la región.

Dicha acción se dio en el marco del fortalecimiento a pequeños productores que lleva adelante el ministerio, a través de las secretaria de Agroalimentos y de Desarrollo Territorial y Arraigo; y posibilitará que los mismos adquieran bienes de capital para desarrollar sus actividades. Con los 5 millones de pesos otorgados por la provincia se alcanzará con asistencia financiera a 41 productores locales, con aportes mayores a 120 mil pesos a cada uno.

Sobre la entrega de aportes el secretario de Desarrollo, Medina valoró que “esta es una localidad con la que venimos trabajando de manera articulada hace mucho tiempo, ya hemos destinado más de 2 millones y medio de pesos a la Municipalidad de Calchaquí y hoy estamos estamos concretando una nueva entrega. Creemos que esta política de cercanía nos permite tener un fuerte ida y vuelta con todos los productores y con las instituciones de la región y, a su vez, fortalece el trabajo institucional. El objetivo primordial es generar arraigo, generar mano de obra y un mayor movimiento económico. Es muy importante que la gente se quede en su lugar de origen ya que ahí es donde, además, producen”.

En relación al aporte otorgado en Calchaquí y sobre el acompañamiento a productores, la subsecretaria de Coordinación Agroalimentaria, María Eugenia Carrizo, afirmó que “este tipo de asistencia financiera por parte del ministerio forma parte del acompañamiento que permanentemente realizamos hacia el sector productivo con el fin de preservar las unidades productivas y apostar al trabajo y al arraigo”.

Asimismo, destacó la importancia de la participación de los productores en el Programa provincial Carnes Santafesinas 2030: “De igual manera, incentivamos a los productores a sumarse a este programa para armar equipos de trabajo con asistencia técnica y, así, gestionar de manera eficiente los sistemas y tomar decisiones correctas en cuanto al uso de los recursos poniendo el foco sobre los sistemas sostenibles. Por eso, aquellos productores interesados en participar de este esquema de trabajo grupal con asistencia técnica, pueden inscribirse en el formulario que aparece en el portal web de la provincia”.",La provincia entregó un aporte de 5 millones de pesos a pequeños productores de Calchaquí
20211106223000-T320,https://www.ole.com.ar/futbol-internacional/francia/neymar-gol-psg-dedicatoria-cantante-muerte-mendonca_0_QvwBZRMQ-.html,"Enganchó hacia adentro, se frenó, volvió a arrancar y sacó el derechazo a colocar al primera palo entre dos rivales para el 1-0 del París Saint Germain frente al Bordeaux. Pero no hubo grito eufórico de Neymar, sino que lo celebró de una manera especial, con mucha emoción.

El brasileño se levantó la camiseta y dejó ver una remera con una dedicatoria para Marília Mendonça (26 años), la cantante brasileña que falleció el último viernes por la tarde luego de que se estrellara el avión tipo aerotaxi en el que viajaba a Minas Gerais para actuar el fin de semana.

Neymar le dedicó el gol a Marília Mendonça, la cantante brasileña que murió en el día de ayer.. (AFP)

“Seré tu eterno fan, reina del sufrimiento”, decía el mensaje de Ney.

Minutos después del accidente, el crack del PSG ya había manifestado su dolor a través de un mensaje en Twitter: “Me niego a creer, me niego”, escribió el ex delantero del Santos y Barcelona.

BRASIL Y NEY, CONMOVIDOS POR LA TRISTE NOTICIA

Brasil se conmovió este viernes por el fallecimiento de la cantante Marilia Mendonça, en un accidente aéreo mientras viajaba a Minas Gerais para un recital. Había ganado un premio Grammy y, con 26 años, era muy popular en Brasil.

El dolor también afectó al deporte y uno de los que manifestó su dolor fue Neymar. ""Una de las mejores sorpresas que he tenido en mi vida. Que me cantes Feliz cumpleaños, que honor para el mío. ¡Marcaste tu nombre en Brasil y en el mundo! Sere tu eterno fan. Descansa en paz"", escribió Ney, en su Instagram, junto a algunos videos de él con la mujer en el escenario.

Marília Mendonça en uno de su súltimos recitales.

El aerotaxi se desplomó entre Goiania, donde residía Mendonça, y Caratinga, una pequeña ciudad de Minas Gerais, al norte de Río de Janeiro. Era un Beech Aircraft bimotor, con capacidad para seis pasajeros.

También murieron el piloto y el copiloto. La televisión mostró a bomberos que trabajaban para retirar los cuerpos del avión, que quedó encallado en un área rocosa junto a una cascada. El aparato se estrelló alrededor de las 15.30 cerca de una posada, pero aún se desconoce la causa del siniestro.",La dedicatoria de Ney para la cantante brasileña fallecida
20211106213000-T222,http://lv7.com.ar/habilitan-la-entrada-de-micros-internacionales-y-flexibilizan-condiciones-de-cruceros-bioceanicos/,"El Gobierno nacional habilitó la entrada al país en micros internacionales así como readecuó los procedimientos para el ingreso de cruceros antárticos y bioceánicos, en el marco de la reapertura de fronteras al turismo extranjero dispuesta días atrás debido a la baja de contagios de coronavirus.

Las nuevas medidas están contenidas en la Decisión Administrativa 1090 publicada este sábado en el Boletín Oficial, con la firma de jefe de Gabinete, Juan Manzur; y los ministros de Salud, Carla Vizzotti, y del Interior, Eduardo de Pedro.

La norma establece las condiciones de ingreso al país para el transporte terrestre de pasajeros como la adecuación de los requerimientos para la reapertura de cruceros hacia la Antártida y cruceros Bioceánicos en la Argentina.

En cuanto al transporte terrestre, se indica que «el ingreso al país de los servicios de transporte internacional terrestre de pasajeros deberá realizarse exclusivamente por los corredores seguros habilitados o que en el futuro se habiliten por la autoridad competente, con la conformidad de la autoridad sanitaria nacional».

Se establece asimismo que «previo al inicio del viaje hacia la Argentina, los operadores de medios de transporte terrestre internacional de pasajeros deberán -sin excepción- comprobar que el pasajero haya declarado el cumplimiento de los extremos definidos como requisitos sanitarios en los incisos 4.a. y 4.b. del artículo 1° de la Decisión Administrativa N° 951/21 y sus modificatorias».

«Una vez en el territorio nacional, las personas que ingresen al país deberán portar, durante los 14 días posteriores a su arribo, la documentación que dé cuenta del cumplimiento de los requisitos sanitarios antes mencionados y exigidos», especifica.

Asimismo, las empresas «deberán arbitrar los recaudos para que se conserve la información de ubicación de los pasajeros durante el viaje, para facilitar la trazabilidad y el rastreo de contactos a la autoridad sanitaria competente, si hubiera un caso positivo».

«El Ministerio de Transporte y sus organismos descentralizados, el Ministerio de Turismo y Deporte y sus organismos descentralizados y el Ministerio de Relaciones Exteriores, Comercio Internacional y Culto adoptarán los recaudos para que los operadores de transporte internacional, los de turismo, las terminales de transporte y los viajeros y las viajeras en el exterior tomen conocimiento de las medidas adoptadas por la presente y procedan a su cumplimiento», dice el artículo 11 de la norma.

Reapertura de Cruceros hacia la Antártida y Cruceros Bioceánicos en la Argentina, los nuevos requisitos son:

– Para el embarque en territorio nacional deberá constar la realización de un test PCR negativo realizado entre las 24 y las 48 horas previas. Con los mismos efectos se admitirá presentar el test PCR requerido para iniciar viaje a la REPÚBLICA ARGENTINA por otro medio de transporte, cuando el lapso desde la toma de la muestra no supere las 72 horas previas al embarque en el crucero. Quienes hayan iniciado el viaje en el crucero fuera del país están eximidos de realizarse ese test PCR.

– Ante la presencia de casos sospechosos a bordo, se realizará test de antígeno y según el criterio médico, se confirmará con test PCR o LAMP a los contactos directos; pudiéndose, según la situación epidemiológica, requerir se practique test PCR a más personas que fueran contacto directo, o -en caso de brote o sospecha del mismo- a todos aquellos que las autoridades sanitarias competentes determinen. Excepcionalmente, la autoridad sanitaria nacional podrá requerir PCR o LAMP a todo el buque.

– No será exigible la práctica de rutina de testeos al inicio o al fin de los desembarcos para realizar las excursiones en tierra, siendo aplicable al respecto los criterios generales ante situaciones de casos sospechosos o positivos o sus contactos estrechos.

– Para el desembarco final del viaje en el crucero se exigirá test de antígeno, quedando el uso de PCR o LAMP supeditado y limitado a lo indicado en el apartado iii.

– La información referida al cumplimiento por parte de los pasajeros de la exigencia del seguro de salud con cobertura COVID-19 podrá ser requerida a la empresa operadora del buque de modo agregado. Sin perjuicio de ello, cada pasajero deberá tener su propia constancia, ya que el seguro debe cubrir toda su estadía en el país.

– El distanciamiento mínimo a bordo en espacios cerrados será de 2 metros cuando las instalaciones lo permitan, pudiendo usarse separadores, mamparas u otras barreras físicas para reducir esa distancia, y/o flexibilizarla cuando los ambientes estén ventilados o se instrumenten mecanismos de higiene respiratoria u otras que prevengan la propagación de la Covid-19.

– A los menores de 18 años que embarquen en cruceros, aplica lo dispuesto en general para ingreso al país, por lo cual les será permitido su viaje por ese medio aun cuando no estén vacunados, conforme lo previsto en el artículo 1° de la Decisión Administrativa N° 951/21 y sus modificatorias.

«Las empresas operadoras de cruceros deberán formalizar los protocolos pertinentes por ante la Subsecretaría de Puertos, Vías Navegables y Marina Mercante del ministerio de Transporte, sin perjuicio de remitir una copia a la autoridad sanitaria nacional»; concluye la Decisión Administrativa.

Fuente: Télam",Habilitan la entrada de micros internacionales y flexibilizan condiciones de cruceros bioceánicos – LV7
20211106213000-T254,http://lv7.com.ar/conflicto-mapuche-en-la-patagonia-chile-reclamo-a-la-argentina-trabajar-en-acciones-conjuntas/,"El ministro de Seguridad Aníbal Fernández se reunió con el embajador de Chile en Argentina Nicolás Monckeberg, y el Viceministro del Interior y Seguridad Pública de ese país Juan Francisco Galli en el marco de la escalada del conflicto con los grupos mapuches de la Patagonia.

Los funcionarios del país vecino solicitaron trabajar de manera conjunta para frenar los episodios de violencia en el sur de ambas naciones.

El encuentro entre Aníbal Fernández y los funcionarios chilenos

La reunión formal fue solicitada por la administración de Sebastián Piñera, tras las sucesivas acciones ilegales cometidas por determinadas organizaciones mapuches. los funcionarios compartieron información sobre el tema y pusieron foco en el posible vínculo entre los grupos mapuches chilenos y argentinos.

Además, el subsecretario Galli habría detallado al ministro de Seguridad un informe que describe el modus operandi de esas bandas y cómo impactan en las provincias de la Patagonia.

De acuerdo con el diario chileno La Tercera, a lo que apuntaron en la reunión, que tuvo lugar el miércoles, es a que cruzan a un lado y otro de la frontera tanto por pasos habilitados como por ilegales. Asimismo se denunció el tráfico de armas y drogas. En tanto, Fernández El ministro expyso lo que está haciendo la Argentina en Río Negro y Chubut.

El encuentro se dio luego de la molestia que provocó en el gobierno de Piñera la intervención del embajador argentino Rafael Bielsa en una audiencia internacional en la que el líder del grupo Resistencia Ancestral Mapuche (RAM), Facundo Jones Huala, pidió su libertad condicional. Huala nació en la Argentina, pero está cumpliendo una condena a nueve años de prisión en Temuco por ataques incendiarios y portación de armas de fuego.

Conflicto mapuche: Sebastián Piñera ordenó la militarización del sur de Chile

La región del sur de Chile vive un histórico conflicto entre el pueblo mapuche, la mayor etnia chilena, y el Estado, al que los pueblos originarios demandan tierras que consideran propias por derecho ancestral y que han sido entregadas a privados, principalmente a empresas forestales y hacendados.

El presidente Piñera, decretó el estado de excepción y militarización a mediados de octubre en la zona, y en los últimos días solicitó formalmente al Parlamento una prórroga para que se mantenga dos semanas más a partir del 11 de noviembre.

En concreto, las Fuerzas Armadas podrán colaborar con la policía local con apoyo logístico, tecnológico, de comunicaciones, de vigilancia y patrullaje.",Conflicto mapuche en la Patagonia: Chile reclamó a la Argentina trabajar en acciones conjuntas – LV7
20211106213000-T296,https://www.inforegion.com.ar/2021/11/06/permiten-el-ingreso-de-micros-internacionales/,"El Gobierno habilitó la entrada al país en micros internacionales así como readecuó los procedimientos para el ingreso de cruceros antárticos y bioceánicos, en el marco de la reapertura de fronteras al turismo extranjero dispuesta días atrás debido a la baja de contagios de coronavirus.

Las nuevas medidas están contenidas en la Decisión Administrativa 1090 publicada hoy en el Boletín Oficial, con la firma de jefe de Gabinete, Juan Manzur; y los ministros de Salud, Carla Vizzotti, y del Interior, Eduardo de Pedro.

La norma establece las condiciones de ingreso al país para el transporte terrestre de pasajeros como la adecuación de los requerimientos para la reapertura de cruceros hacia la Antártida y cruceros Bioceánicos en la Argentina.

En cuanto al transporte terrestre, se indica que “el ingreso al país de los servicios de transporte internacional terrestre de pasajeros deberá realizarse exclusivamente por los corredores seguros habilitados o que en el futuro se habiliten por la autoridad competente, con la conformidad de la autoridad sanitaria nacional”.

Se establece asimismo que “previo al inicio del viaje hacia la Argentina, los operadores de medios de transporte terrestre internacional de pasajeros deberán -sin excepción- comprobar que el pasajero haya declarado el cumplimiento de los extremos definidos como requisitos sanitarios en los incisos 4.a. y 4.b. del artículo 1° de la Decisión Administrativa N° 951/21 y sus modificatorias”.

“Una vez en el territorio nacional, las personas que ingresen al país deberán portar, durante los 14 días posteriores a su arribo, la documentación que dé cuenta del cumplimiento de los requisitos sanitarios antes mencionados y exigidos”, especifica.

Las empresas “deberán arbitrar los recaudos para que se conserve la información de ubicación de los pasajeros durante el viaje, para facilitar la trazabilidad y el rastreo de contactos a la autoridad sanitaria competente, si hubiera un caso positivo”. “El Ministerio de Transporte y sus organismos descentralizados, el Ministerio de Turismo y Deporte y sus organismos descentralizados y el Ministerio de Relaciones Exteriores, Comercio Internacional y Culto adoptarán los recaudos para que los operadores de transporte internacional, los de turismo, las terminales de transporte y los viajeros y las viajeras en el exterior tomen conocimiento de las medidas adoptadas por la presente y procedan a su cumplimiento”, dice el artículo 11 de la norma.

En cuanto a la reapertura de Cruceros hacia la Antártida y Cruceros Bioceánicos en la Argentina, los nuevos requisitos indican que para el embarque en territorio nacional, deberá constar la realización de un test PCR negativo realizado entre las 24 y las 48 horas previas. Con los mismos efectos se admitirá presentar el test PCR requerido para iniciar viaje a la Argentina por otro medio de transporte, cuando el lapso desde la toma de la muestra no supere las 72 horas previas al embarque en el crucero. Quienes hayan iniciado el viaje en el crucero fuera del país están eximidos de realizarse ese test PCR.

Ante la presencia de casos sospechosos a bordo, se realizará test de antígeno y según el criterio médico, se confirmará con test PCR o LAMP a los contactos directos; pudiéndose, según la situación epidemiológica, requerir se practique test PCR a más personas que fueran contacto directo, o -en caso de brote o sospecha del mismo- a todos aquellos que las autoridades sanitarias competentes determinen. Excepcionalmente, la autoridad sanitaria nacional podrá requerir PCR o LAMP a todo el buque.

Además, no será exigible la práctica de rutina de testeos al inicio o al fin de los desembarcos para realizar las excursiones en tierra, siendo aplicable al respecto los criterios generales ante situaciones de casos sospechosos o positivos o sus contactos estrechos.

Para el desembarco final del viaje en el crucero, se exigirá test de antígeno, quedando el uso de PCR o LAMP supeditado y limitado a lo indicado en el apartado iii.

Explican quye la información referida al cumplimiento por parte de los pasajeros de la exigencia del seguro de salud con cobertura COVID-19 podrá ser requerida a la empresa operadora del buque de modo agregado. Sin perjuicio de ello, cada pasajero deberá tener su propia constancia, ya que el seguro debe cubrir toda su estadía en el país.

El distanciamiento mínimo a bordo en espacios cerrados será de 2 metros cuando las instalaciones lo permitan, pudiendo usarse separadores, mamparas u otras barreras físicas para reducir esa distancia, y/o flexibilizarla cuando los ambientes estén ventilados o se instrumenten mecanismos de higiene respiratoria u otras que prevengan la propagación de la Covid-19.

A los menores de 18 años que embarquen en cruceros, aplica lo dispuesto en general para ingreso al país, por lo cual les será permitido su viaje por ese medio aun cuando no estén vacunados, conforme lo previsto en el artículo 1° de la Decisión Administrativa N° 951/21 y sus modificatorias. “Las empresas operadoras de cruceros deberán formalizar los protocolos pertinentes por ante la Subsecretaría de Puertos, Vías Navegables y Marina Mercante del ministerio de Transporte, sin perjuicio de remitir una copia a la autoridad sanitaria nacional”; concluye la Decisión Administrativa.",Permiten el ingreso de micros internacionales
20211106213000-T334,https://www.inforegion.com.ar/2021/11/06/se-dejo-de-buscar-a-tehuel-y-no-se-sabe-nada/,"Lo aseguró su hermana, Verónica, quien reclama una audiencia con la fiscal de la causa. El joven falta de su hogar desde hace casi ocho meses.

Lo aseguró su hermana, Verónica, quien reclama una audiencia con la fiscal de la causa. El joven falta de su hogar desde hace casi ocho meses.

La hermana de Tehuel De la Torre, el joven trans que desapareció el 11 de marzo en Alejandro Korn, reclama una audiencia con la fiscal que investiga el caso para tener información sobre el avance de la causa. “Se dejó de buscar a Tehuel y no se sabe nada”, advirtió Verónica Alarcón.

“La ultima novedad es el ADN que salió positivo”, explicó la mujer en declaraciones radiales, y advirtió que después no hubo ningún avance.

El 10 de septiembre, los investigadores establecieron, a partir de las pericias realizadas, que una mancha de sangre hallada en la vivienda de uno de los detenidos pertenecía a Tehuel. El material genético fue encontrado sobre una pared de la casa de Luis Alberto Ramos (37), detenido junto a Oscar Alfredo Montes (46) por “encubrimiento en concurso real con falso testimonio”.

Alarcón indicó que no están conformes con la actuación de la justicia y aseguró que “se dejó de buscar a Tehuel y no se sabe nada”. Y, sobre la intervención de la fiscal Karina Guyot, refirió que pidieron una reunión con la funcionaria judicial y que no recibieron respuesta alguna.

“Hace dos meses que no sabemos nada y tampoco nos dan citación para saber de la causa, seguimos en lo mismo” expresó Alarcón. En ese sentido, aclaró: “Lo que queremos es justicia por Tehuel y que aparezca”.

Tehuel De la Torre fue visto por última vez alrededor de las 19 del pasado 11 de marzo, cuando salió de su domicilio rumbo a la estación de trenes de Alejandro Korn, en el suroeste del conurbano bonaerense, hacia una entrevista laboral de la que nunca regresó.

Tras la denuncia que hizo su pareja, la Policía y la fiscal interviniente desplegaron diversos operativos, entre ellos en la casa de Ramos, el hombre que lo había convocado por un trabajo y que, según fuentes de la pesquisa, tiene antecedentes de violencia y por venta de drogas.

Los investigadores llegaron a esa casa ubicada en la calle Mansilla 1203 no sólo porque era la persona a la que el joven iba a ver sino porque, además, el celular de Tehuel estuvo por última vez activo en esa zona desde las 19.45 del día de la desaparición hasta las 0.30 del día siguiente. Las fuentes detallaron que en una excavación realizada en la casa del sospechoso se encontró un teléfono incendiado y algunas prendas que podrían pertenecer al joven.

Ramos reconoció haberse encontrado con Tehuel el 11 de marzo a las 16.30 pero sostuvo que no fueron a ningún evento y que cada uno se fue por su lado.

Durante el transcurso de la investigación, la justicia ordenó diversos allanamientos que arrojaron resultados negativos en relación al paradero del joven desaparecido, aunque lograron determinar la vinculación de los imputados con el hecho, a partir del hallazgo de rastros hemáticos que, tras ser analizados, resultaron ser coincidentes con el ADN del joven buscado.

Al momento de desaparecer, Tehuel vestía una camisa de mangas cortas blanca, un camperón azul con detalles blancos, un pantalón gris, una gorra con visera gris y negra y zapatillas de color azul.",“Se dejó de buscar a Tehuel y no se sabe nada”
20211113033000-T226,http://www.primerafuente.com.ar/noticias/96839/organizan-sexta-marcha-defensa-lago-escondido-rio-negro,"Alejandro Meyer integrante de la Fundación Interactiva para la Cultura del Agua (FIPCA), brindó detalles de la marcha que se realizará en febrero de 2022.

En diálogo con Radio Prensa, en Alguien Nos Perdonará, Alejandro Meyer hizo un repaso por la historia de la iniciativa y explicó que no solamente se ejecutan en la Patagonia sino que además se han concretado “en el conurbano de Buenos Aires y en la triple frontera” pero “la que más se ha difundido es la de Lago Escondido porque se viene sosteniendo en el tiempo”.

Como integrante de la Fundación Interactiva para la Cultura del Agua (Fipca), Meyer manifestó que ""hay dos vías de ilegalidad en torno al caso del empresario Joe Lewis, por un lado la adquisición de las 13.000 hectáreas de forma fraudulenta cuya causa se encuentra en la justicia. Y por otro lado, el acceso al Lago Escondido por el camino de Tacuifi que actualmente se encuentra cerrado por orden del magnate inglés"".

En relación a ello, recordó que existe un fallo vigente que ordena su habilitación y que no se está cumpliendo desde hace unos 10 años. Es por esto que Meyer se mostró indignado y criticó la falta de decisión política por parte del gobierno provincial para exigir que se cumpla.

Además, contó cuáles son las expectativas en torno a la sexta marcha ya que en las ediciones anteriores se vivieron diversos episodios de violencia. “Es una violación concreta de la soberanía nacional, por eso marcharemos en febrero por sexta vez y lo haremos hasta que la gente tome conciencia de que estamos frente a una grave apropiación de lago, una inmensa reserva natural de agua potable"", aseveró Meyer.

""Estamos haciendo los dos caminos por la montaña con los compañeras y compañeros, remamos todo el lago unos 10 kilómetros y nos concentramos frente a la mansión de Lewis a modo de protesta"", indicó el activista. Explicó que ""el Lago Escondido es un punto estratégico que es aprovechado por el multimillonario británico y es para preocuparse"".

""La marcha tiene un sentido claro en defensa de la soberanía nacional"", enfatizó Meyer.

La movilización el año pasado concluyó con un incidente entre personal de seguridad de la empresa Hidden Lake y manifestantes, quienes realizaron una denuncia penal que se tramita en la fiscalía de El Bolsón.

La actual titular del Instituto Nacional de Asuntos Indígenas (INAI), ex senadora Magdalena Odarda, actora de la causa por el acceso público al lago Escondido, pidió que se garantice la seguridad de los participantes de la “Quinta Marcha de la Soberanía de Lago Escondido”.",Organizan la sexta marcha en defensa del Lago Escondido en Río Negro
20211110034500-639,https://politicadigital.com.ar/globalization-pros-and-cons/,"Wealthy countries will consume more resources as compared to poorer countries. It reduces a sense of alienation towards foreign culture because everything is globalized. The most evident and prominent advantage of globalization is open communication for All. With the advent of Facebook, Insta gram, and other social media platforms, people from all around the world can interact with each other freely. This is also known as a massive disadvantage of globalization which shall be discussed further in the Cons of Globalization.

Government’s sanctions and incentives packages can inspire to generate environmental friendly new technology. In fact, the WTO should include a new chapter «globalisation» by creating a special cell for the purpose. Under the market-orientated globalisation problems, it is hard to believe that such a new technology generation will evolve on its own. These technologies aimed at maximising labour productivity by exploiting nature’s infinite storehouse, which is now being emptied by the wasteful exploitation.

The working and living conditions of these migrant workers also seems to be a feature of the infection-prone 3C environments of the knowledge creation society. As the cornerstones of the global business networks and supply chains, these places are both the source and destination of a high number of international and domestic travellers. Due to this amount of movement, the COVID-19 virus, which reportedly only transfers from person to person in ‘3C’ environments, easily crossed national borders. Not only business meetings and scientific research, but also most urban activities such as higher education, live performances, and social gatherings at bars and restaurants require 3C environments.

These international and supranational actors increasingly shape domestic politics.

Among successful »globalizers,» Dollar and Kraay count countries like China, India and Malaysia, all of whom are trading and growing but still have protected economies and could not be doing more to misbehave by the received wisdom of globalization.

Globalization has offered this man a hellish job, but it is a choice he did not have before, and he took it; I don’t name him because he is afraid of being fired.

That’s why it is the reason why critics call it as the most prominent disadvantage of globalization.

Anyone who has lived or traveled in the third world can attest that while controlled economies theoretically allow governments to help the poor, in practice it’s usually a different story.

On one hand, globalization has created new jobs and economic growth through the cross-border flow of goods, capital, and labor.

This allows businesses to draw effective and eco-friendly strategies in their planning and development due to their corporate social responsibility. Today, this advantage is gaining more light in the analysis of the pros and cons of globalization. The I.M.F. argues that it often saves countries from even more budget cuts. »Countries come to us when they are in severe distress and no one will lend to them,» Rogoff says. »They may even have to run surpluses because their loans are being called in.

It is widely believed that China, India and Malaysia escaped the brunt of the Asian financial crisis because of their stringent controls on capital flight. Economists still disagree, though, on what form such control should take and what effect it has on the cost of capital. Unfortunately, the global system was mostly built around flows of goods and services and, to a lesser extent, capital.

The desire to keep money from rushing out inspired Chile to install speed bumps discouraging short-term capital inflows. But Chile’s policy runs counter to the standard advice of the I.M.F., which has required many countries to open their capital markets. »There were so many obstacles to capital-market integration that it was hard to err on the side of pushing countries to liberalize too much,» says Ken Rogoff, the I.M.F.’s director of research.

Policy makers also seem to be skipping the fine print on supposedly congenial studies. An influential recent paper by the World Bank economists David Dollar and Aart Kraay is a case in point. It finds a strong correlation between globalization and growth and is widely cited to support the standard rules of openness. Among successful »globalizers,» Dollar and Kraay count countries like China, India and Malaysia, all of whom are trading and growing but still have protected economies and could not be doing more to misbehave by the received wisdom of globalization.

It does not bode well when the White House hosted a Global COVID-19 Summit, with representatives from more than 100 governments and other partners, and did not invite China, the world’s largest producer of vaccines. In theory, the two countries could insulate their common efforts to combat climate change from differences on most other issues. But, as we saw in the Cold War, in practice such exceptions are very rare and highly vulnerable to ongoing political risk. Globalization brings new potentials for development and wealth creation.

Such loses of efficiency include over paying for resources, such as paying managers salaries higher than needed to secure their services, and excessive waste of resources. ‘X’ inefficiency means that average costs are higher than would be experienced by firms in more competitive markets. Risk bearing economies are often derived by large firms who can bear business risks more effectively than smaller firms. For example, a large record company can more easily bear the risk of a ‘flop’ than a smaller record label. However, economic theory suggests that average costs will eventually rise because of diseconomies of scale.

I think therefore lowering taxes on capital and lowering wages is not a secure way to stabilize the growing unemployment. It is now clear that globalization is causing issues which need to be solved; these are unemployment, exploitation of workers, and poverty. As we know now, during the recent recession, unemployment rate in the west is gradually growing; the reason for this is the growing imports from developing nations and the low environmental and wage policy standards which attracts corporations to invest in the third world.",Globalization Pros And Cons – Politica Digital en Argentina – Noticias de Política y Empresas en Internet
20211107014500-T210,https://www.abcsaladillo.com.ar/general/saladillo-se-suma-a-la-red-argentina-de-municipios-frente-al-cambio-climatico/,Sin datos,Sin datos
20211107210000-T378,https://www.diariojunin.com/public/noticias/89583_ministros-de-salud-de-todas-las-jurisdicciones-respaldaron-la-aplicacion-de-sinopharm-a-menores.html,,Ministros de Salud de todas las jurisdicciones respaldaron la aplicación de Sinopharm a menores
20211106211500-T352,http://www.ebizlatam.com/como-construir-una-marca-empleadora-efectiva/,"Adecco Argentina brinda una serie de consejos para su construcción y resignificar la importancia de la marca empleadora para el futuro laboral en el país.

El concepto de marca empleadora comenzó a utilizarse en la década del 70 específicamente en Estados Unidos, con el paso del tiempo se popularizó al notar los beneficios que se obtiene de la construcción de una buena cultura laboral.

Puntualmente hace referencia a la reputación que tiene una empresa con sus colaboradores como un buen lugar para el desarrollo profesional. Por tal motivo, Adecco Argentina comparte los beneficios que tiene la marca empleadora para una compañía y destaca cuáles son los pasos para gestionarla.

¿Por dónde se empieza para construir una marca empleadora? En primer lugar, se debe plasmar la misión, la visión, los valores y la cultura de la organización, así como los procesos operativos, la forma de trabajar, el ambiente laboral y el modo de gestionar los equipos de trabajo. Uno de los mejores métodos para crear una sólida marca empleadora es a través de la Propuesta de Valor para el Empleado: un conjunto de beneficios que ofrece una compañía a un colaborador en retorno por su trabajo.

Para construir una propuesta de valor efectiva en los procesos de reclutamiento y selección de personal, así como en los esfuerzos para la retención de capital humano, se deben identificar los puntos fuertes de la organización, especialmente aquellos que más valoran los empleados.

Por un lado se encuentran los valores tangibles: salario, fondo de ahorro, vales de supermercado, programas específicos para empleados (formación académica, clases de idiomas, descuentos en gimnasios, entre otros), capacitaciones y seguro médico. Por otro, aquellos valores que no necesariamente se ven reflejados en la nómina, son los intangibles: flexibilidad laboral en cuanto a horarios, trabajo remoto, días extras de vacaciones, ambiente laboral y oportunidades de crecimiento, entre otros.

¿Cuáles son los primeros pasos?

Evaluar : en primer lugar, hay que saber cuál es la posición de la organización en términos de marca empresarial, para los empleados y para interesados externos. Con los resultados obtenidos se podrá establecer una estrategia de comunicación para mejorar la reputación de la marca de la empresa.

: en primer lugar, hay que saber cuál es la posición de la organización en términos de marca empresarial, para los empleados y para interesados externos. Con los resultados obtenidos se podrá establecer una estrategia de comunicación para mejorar la reputación de la marca de la empresa. Comunicar : aprovechar el valor de marca, los empleados y los potenciales empleados quienes deben comprender las fortalezas de una empresa como empleador y los beneficios de pertenecer. Existen varias empresas que, al ser nombradas en una conversación, es probable que el tema a tratar no sea su gran producto, sino la buena organización que es para trabajar. A esto se debe apuntar, esas compañías tienen en común que se centran en la importancia de la marca e invierten en la felicidad y el bienestar de sus empleados. Asimismo, la comunicación interna es garantizadora de que se comprenden a todos los niveles las necesidades de la organización. Así se consigue dar valor y comprender la necesidad de construir una marca empresarial fuerte, sabiendo todos el papel que pueden desempeñar.

: aprovechar el valor de marca, los empleados y los potenciales empleados quienes deben comprender las fortalezas de una empresa como empleador y los beneficios de pertenecer. Existen varias empresas que, al ser nombradas en una conversación, es probable que el tema a tratar no sea su gran producto, sino la buena organización que es para trabajar. A esto se debe apuntar, esas compañías tienen en común que se centran en la importancia de la marca e invierten en la felicidad y el bienestar de sus empleados. Asimismo, la comunicación interna es garantizadora de que se comprenden a todos los niveles las necesidades de la organización. Así se consigue dar valor y comprender la necesidad de construir una marca empresarial fuerte, sabiendo todos el papel que pueden desempeñar. Invertir : la fuerza laboral actual está dominada por los Millennials, ya que representarán el 75% de la fuerza laboral para 2025. Este grupo tiene la expectativa de contar con oportunidades para aprender nuevas habilidades y desarrollar las existentes. Las compañías deben estar preparadas para cumplir con estas expectativas, otorgando descuentos en universidades, portales de cursos y clases de nuevos idiomas. Hay que aprovechar que hoy en día la accesibilidad a nuevos conocimientos es mucho más amplia que hace unos años atrás.

: la fuerza laboral actual está dominada por los Millennials, ya que representarán el 75% de la fuerza laboral para 2025. Este grupo tiene la expectativa de contar con oportunidades para aprender nuevas habilidades y desarrollar las existentes. Las compañías deben estar preparadas para cumplir con estas expectativas, otorgando descuentos en universidades, portales de cursos y clases de nuevos idiomas. Hay que aprovechar que hoy en día la accesibilidad a nuevos conocimientos es mucho más amplia que hace unos años atrás. Personalizar : fidelizar talento es uno de los puntos clave, para esto es fundamental nutrir la experiencia del empleado y hacerles saber que no son un número. Personalizar el desarrollo dentro de la compañía es el primer paso, alejar al colaborador del enfoque general e invertir particularmente en él, reconocer a los colaboradores por sus esfuerzos, puede ser tanto externa como internamente, siempre será de ayuda para mantener un ambiente motivado y por último mantener un vínculo con los empleados, conocerlos particularmente a cada uno, entender sus preferencias y saber diferenciarlas del rol laboral.

: fidelizar talento es uno de los puntos clave, para esto es fundamental nutrir la experiencia del empleado y hacerles saber que no son un número. Personalizar el desarrollo dentro de la compañía es el primer paso, alejar al colaborador del enfoque general e invertir particularmente en él, reconocer a los colaboradores por sus esfuerzos, puede ser tanto externa como internamente, siempre será de ayuda para mantener un ambiente motivado y por último mantener un vínculo con los empleados, conocerlos particularmente a cada uno, entender sus preferencias y saber diferenciarlas del rol laboral. Evaluar a la competencia: ¿Qué están haciendo? ¿Qué están buscando? ¿Lo están comunicando correctamente? ¿Qué se puede hacer para tener el factor diferenciador?

¿Cuáles son los beneficios?

El principal beneficio de contar con una buena marca empleadora es que te ayuda a atraer el talento que buscás, al tiempo que fidelizás y motivás al personal que tenés; por ello, este elemento ayuda a la competitividad y crecimiento de la compañía, ya que refuerza el activo más importante de toda empresa: el capital humano.

Según el Corporate Leadership Council, una marca empleadora atractiva puede reducir hasta un 50% los costos por nuevas incorporaciones, ya que el nuevo talento suele identificarse y comprometerse más con la forma de trabajo y muestra mayor disposición para aprender sus funciones.

«Es importante escuchar a los colaboradores, entender por lo que están pasando ya sea ante una situación mundial como la que vivimos o la tan mencionada «nueva normalidad«. La propuesta de valor al empleado debe adaptarse constantemente en consecuencia de la situación externa; las nuevas necesidades van cambiando y también los requisitos de las compañías sin lugar a duda«, compartió Alexandra Manera, directora de recursos humanos para Adecco Argentina y Uruguay.

«En algunas ocasiones también se aconseja que la propuesta de valor al empleado esté diferenciada según puestos o generaciones, pero para esto es clave conocer a los equipos de trabajo«, concluyó.",¿Cómo construir una marca empleadora efectiva?
20211106211500-T362,http://www.ebizlatam.com/cuanto-le-cuesta-al-planeta-una-reunion-en-zoom-una-hora-de-netflix-o-una-busqueda-en-google/,"Las plataformas digitales generan huella de carbono digital y contribuyen al cambio climático.

Se estima que Netflix genera unos 24.900 millones de gramos de dióxido de carbono al año, solo contando las visitas a su página web. Es uno de los ejemplos de que las empresas tecnológicas están comenzando a preocuparse por la huella de carbono digital, que aún parece invisible para la ciudadanía pero que crece cada vez que hacemos una videollamada, vemos una serie o descargamos un documento de nuestro correo electrónico. Los datos globales que aportan algunos estudios apuntan a un gran impacto ambiental: las 47.000 búsquedas de Google cada segundo generan 500 kilogramos de CO2 y el consumo de YouTube de un año, diez millones de toneladas, es similar al de la ciudad escocesa de Glasgow.

«No hay que buscar un único culpable; el volumen de datos que se maneja en la sociedad actual es inmenso«, sostienen los investigadores del centro Internet Interdisciplinary Institute de la Universitat Oberta de Catalunya (UOC) Xavier Vilajosana y Borja Martínez.

Primero fue el comercio digital y, ahora, el «boom de las plataformas de streaming«, enumeran. Además, advierten de que este consumo de energía a través de la tecnología seguirá creciendo. «La digitalización irá abarcando todos los sectores de la sociedad«.

Los datos avalan que cada vez nos enganchamos más a las pantallas para trabajo y ocio, y no somos conscientes de que también contaminamos, como cuando conducimos un turismo o generamos basura.

«Es necesario que la toma de conciencia que poco a poco hemos ido incorporando al lado más físico de nuestra huella ambiental se traslade también a un consumo responsable de plataformas«, defiende la profesora de los Estudios de Ciencias de la Información y de la Comunicación de la UOC Elena Neira.

La construcción y el mantenimiento de los «enormes» centros de datos donde se procesan todas nuestras transacciones digitales son las razones de este gasto de energía «muy elevado».

«A escala global se estima que consumen la misma electricidad que un país de tamaño medio como España«, afirman los investigadores, citando un estudio al respecto. Desde el punto de vista individual, rechazan que se pueda hacer un cálculo exacto, ya que estos centros «dan servicio a incontables aplicaciones simultáneamente«, pero los expertos sí que pueden estimar que la visualización de contenidos multimedia, por generar «gran cantidad» de datos, es lo que más impacto energético tiene.

Y, una vez más, depende de qué tipo de acción realicemos: una videollamada de Zoom, por ejemplo, comprime al máximo la información para optimizar la fluidez de las conversaciones, mientras que una película en HBO multiplica el volumen de datos para que la disfrutemos en alta definición.

«En la práctica, ver el contenido en streaming o descargarlo no tiene mucha importancia, lo que importa es el tipo de contenido«, argumentan.

Dentro de estas mismas aplicaciones hay decisiones que también influyen en la huella digital, como, en una videollamada, no activar la cámara para reducir el impacto en un 61 % o escuchar música sin reproducir los vídeos, es decir, utilizar Spotify en vez de YouTube si no nos interesa la imagen. En cuanto a los informes que comparan las distintas redes sociales o plataformas, estos concluyen que TikTok es la que más contaminación genera al basarse exclusivamente en ver vídeos y subirlos.

Apagar los dispositivos como apagamos la luz

Los aparatos también contribuyen a nuestra huella, ya que son más o menos eficientes energéticamente, pero, advierten los investigadores, también el número de horas que están encendidos. Así, ponen como ejemplo que un móvil consume menos que un televisor de grandes dimensiones, pero apostillan que el teléfono puede estar encendido las 24 horas del día y el televisor, no.

«Como nos enseñaron nuestros padres con las luces de la casa, apagar los dispositivos cuando no se usan debería ser una práctica habitual«, proponen Vilajosana y Martínez. Al igual que en este caso, consideran que la pedagogía debe ser fundamental para ser conscientes del daño al planeta y «sembrar en el futuro», aunque también apuestan por la responsabilidad compartida con las empresas tecnológicas. Y es que ambos realizaron, junto con Cristina Cano, un estudio sobre el uso del Campus Virtual de la UOC y concluyeron que se podrían mejorar los «hábitos de navegación», por ejemplo, sobre la desconexión de la misma cuando no se va a utilizar durante un rato largo.

«Un 40 % de los usuarios han mostrado interés en la información que se les mostró sobre el consumo energético asociado a la navegación en la plataforma, pero no hemos conseguido que ese interés se materialice en acciones concretas«, señalan los investigadores, que remarcan que los datos del informe, en el que participaron 100.000 usuarios, aún están pendientes de publicación. Ante la falta de actuación por parte de los internautas, estos expertos sugieren que sea la propia plataforma la que los desconecte: «es como si la infraestructura de distribución de agua fuera capaz de detectar que no necesitas tener el grifo abierto y lo cerrará por ti«.

Además de apagar los dispositivos, hay otra recomendación para disminuir nuestra contaminación invisible, que pasa por «racionalizar» el consumo de contenidos en línea. Pero, tras el confinamiento, no parece que la ciudadanía vaya a abandonar las plataformas digitales para ver series o contenido en streaming. «La oferta cada vez es más abundante y la ficción está consolidando su reinado«, aseguró la profesora de los Estudios de Ciencias de la Información y de la Comunicación, que opina que este tipo de ocio se ha convertido en el «momento de evasión tras el trabajo que antes ocupaba la televisión«. Un estudio cifra en un 70 % el incremento del vídeo bajo demanda en América Latina durante 2020, en coincidencia con la pandemia de coronavirus. Y las proyecciones lo mantienen en alza en los siguientes años.

Los investigadores de la UOC marcan como «necesarias» aplicaciones como la consulta de la cuenta bancaria personal y otras como «normales», como disfrutar de una película o una serie, pero creen que pasan a ser «tóxicas» prácticas como el llamado binge-watching, que supone pasar varias horas viendo este tipo de contenidos en línea. Sobre las plataformas que visitamos para trabajar y estudiar o durante el tiempo de ocio, recomiendan desconectarse cuando no se usan y descargar el contenido al dispositivo si se va a consultar más de una vez, como el material didáctico de un curso.","¿Cuánto le cuesta al planeta una reunión en Zoom, una hora de Netflix o una búsqueda en Google?"
20211106211500-T401,http://www.ebizlatam.com/schneider-electric-demanda-descarbonizacion-para-acelerar-el-camino-hacia-una-economia-neta-cero/,"En el Innovation Summit South America 2021, la compañía exige una aceleración urgente de las reducciones de emisiones de carbono para lograr el objetivo de una economía neta cero para 2050.

Según Schneider Electric, el mundo tiene la posibilidad real de acelerar las acciones climáticas y reducir a la mitad las emisiones de dióxido de carbono (CO2) para 2030. Durante la sesión de apertura de su evento global Innovation Summit World Tour 2021, Jean-Pascal Tricoire, presidente y director ejecutivo de Schneider Electric, destacó formas viables de alcanzar la meta neta cero, con información del Instituto de Investigación en Sostenibilidad del Grupo.

El evento Innovation Summit World Tour abordó los desafíos climáticos globales y mostró a los clientes, socios, reguladores y legisladores cómo reducir rápidamente las emisiones para descarbonizar la economía mundial en esta década crucial. Los asistentes aprendieron sobre la innovación digital y sostenible de Schneider Electric y sobre Electricidad 4.0 y la automatización de vanguardia.

La urgente necesidad de actuar con rapidez para descarbonizar

El discurso de apertura de Tricoire en la premier global instó a la audiencia a adoptar medidas clave de descarbonización y ofreció la propia investigación de Schneider Electric como punto de referencia para lograr una trayectoria de calentamiento global de 1,5 ° C. Este nuevo informe detalla la necesidad de reducir las emisiones en un 30-50% durante esta década en comparación con los niveles actuales. El incumplimiento de estos objetivos hace que sea prácticamente imposible restringir el aumento de temperatura al límite de 1,5 ° C establecido por el Panel Intergubernamental sobre Cambio Climático (IPCC).

El modelo del Instituto de Investigación de Sostenibilidad de Schneider Electric demuestra cómo es posible reducir de manera realista y alcanzable las emisiones para 2030. El informe se centra en un subconjunto de las emisiones globales de los casos de efecto invernadero, encontrando la oportunidad de reducir un 30% de todas las emisiones relacionadas con la energía y representando una aceleración significativa de los compromisos actuales. Sin embargo, todavía existen emisiones no relacionadas con la energía, que no están cubiertas por el modelo de este informe.

Schneider Electric pide a gobiernos y empresas que hagan un esfuerzo entre 3 y 5 veces mayor que el actual. El Instituto cree que el único camino realista hacia el éxito es implementar

Tecnologías digitales probadas, junto con una mayor electrificación, como la forma más rápida de descarbonizar edificios, transporte e industria. Este enfoque permite ahorrar tiempo en los sectores para los que es más difícil eliminar las emisiones. El modelo del Grupo demuestra claramente que seguir caminos alternativos será demasiado pesado para los consumidores.

“A pesar del reciente impulso a la sostenibilidad, y a medida que más empresas adoptan objetivos ambiciosos para abordar el cambio climático, este informe revela que debemos acelerar el paso. Schneider Electric es una parte única de la solución. Para apoyar a las organizaciones en su descarbonización a una velocidad adecuada y para cumplir con sus compromisos climáticos, estamos acelerando la expansión de nuestro negocio de servicios de consultoría de sostenibilidad global para satisfacer la creciente demanda de progreso significativo en la energía y la transición energética”, explicó Jean-Pascal Tricoire.

“Las organizaciones de hoy necesitan un socio confiable que combine la planificación estratégica y el establecimiento de objetivos con un historial comprobado de implementación de soluciones para brindar resultados sostenibles, tangibles y veloces. Nosotros estamos bien posicionados para ayudar a otras empresas a ir más lejos, más rápido”, agregó.

Estrategias y soluciones para descarbonizar cadenas de valor

Sobre la base de su liderazgo en sostenibilidad y las ambiciones del Índice de Sostenibilidad de Schneider 2021-2025, el Grupo está acelerando su división de consultoría de sostenibilidad global y construyendo sobre su historial de éxito de 10 años en energía y servicios.

En la actualidad, Schneider Electric es el líder mundial en eficiencia energética, gestión de energía, adquisición de energía renovable, informes de carbono, evaluación de riesgos climáticos y descarbonización de la cadena de suministro, y proporciona software y servicios de consultoría a más del 30% de las 500 empresas de Fortune. Entre sus clientes se incluyen Johnson & Johnson , Walmart, Faurecia, Kellogg, Takeda, Velux Group, Unilever y T-Mobile, entre otros.

La creciente demanda de servicios de consultoría centrados en «ambiciones + acciones» de Schneider Electric está detrás de esta expansión, que incluye: Consultoría sobre acción climática y servicios relacionados de descarbonización de la cadena de suministro y evaluación de riesgos climáticos; Servicios de comunicación, incluidos informes / calificaciones de ESG y definición de mensajes de reputación y sostenibilidad; Servicios de circularidad y trazabilidad; Módulos ESG para la galardonada plataforma EcoStruxure Resource Advisor para realizar un seguimiento de las métricas de la sociedad y la gobernanza.

Sea parte de la solución a través de la disrupción digital

Como parte de su ambición de lograr una innovación sostenible y una economía neta cero, Schneider Electric ayuda a los clientes de muchas industrias a innovar y hacer la transición hacia sistemas abiertos, interoperables, digitales y simplificados y formas más inteligentes de hacer negocios. En el Innovation Summit World Tour, el Grupo presenta innovación digital para la reducción de carbono en hogares, edificios, centros de datos, redes eléctricas e industrias.

Electricidad 4.0: potenciando el nuevo mundo eléctrico con energía verde inteligente

Actualmente registramos la convergencia de lo digital y lo eléctrico con el software. La electricidad hace que la energía sea sostenible y el mejor vector para la descarbonización. Digital hace que la energía sea inteligente para impulsar la eficiencia y eliminar el desperdicio. Esta convergencia genera ‘Electricidad 4.0’, el combustible de un Nuevo Mundo Eléctrico.

Hogares inteligentes: Schneider Electric anuncia una serie de soluciones para el hogar inteligentes y sostenibles, incluido Wiser, que ayudan a combatir el desperdicio de energía. Para 2050, se espera que los hogares sean el mayor consumidor de electricidad y el mayor contribuyente a las emisiones de CO2 (hasta un 34%).

Industrias del futuro: resilientes y sostenibles con automatización de próxima generación

Los saltos cualitativos en eficiencia y agilidad son posibles a través de la inteligencia artificial, la tecnología de gemelos digitales y el conocimiento humano, respaldados por análisis avanzados y software industrial independiente del proveedor, incluida la inteligencia de la industria.",Schneider Electric demanda: descarbonización para acelerar el camino hacia una economía neta cero
20211106230000-T194,http://WWW.ELRECADO.NET/?p=30177,"El periodista afronta su nueva aventura literaria con una historia familiar entre dos pueblos alejados.

Para enfrentar su tercera novela, Gustavo Menéndez volvió a unas palabras de Gabriel García Márquez que enseñaban que los tres temas sobre los que se debían escribir eran la muerte, el amor y la vida. En ese tridente se puede encontrar la trama de “Lo que se lleva en la sangre”, que el autor radicado en Merlo presentará este sábado en la librería “Hexámetro”, de la localidad turística.

Después de irrumpir en la escena literaria provincial y sobrepasar el reto que significó editar por una compañía nacional con “El día que secuestraron a Puccio”, el autor abandona en su nueva obra sus inquietudes periodísticas —es editor del portal Infomerlo, uno de los más importantes del interior provincial— y se interna en la ficción.

“Siempre hay algún toque de realidad en algún personaje, algo que extraje de un hecho que sucedió realmente, pero la mayor parte del libro es ficcional”, dijo el escritor.

Gustavo empezó a redactar “Lo que se lleva…” poco antes de la pandemia, y un año y medio después tenía el borrador listo para ser corregido. Allí contactó a la editorial Hojas del Sur —que había lanzado su anterior novela— y comenzaron a gestar la impresión.

La imposición de la cuarentena no aceleró los pasos de la escritura, de por sí rápida. “Los primeros meses de redacción fueron muy ágiles, después tuve que frenar un poco”, contó Menéndez, quien había empezado el relato en primera persona y descubrió que en tercera podría quedar mejor. Fue entonces que trasladó todo lo que había escrito al otro modo de relato.

La trama muestra a una abuela un tanto oscura que en su lecho de muerte llama a su único nieto varón para hacerle conocer un secreto que había guardado durante buena parte de su vida. La revelación vendrá con un pedido que, en principio, parece imposible de cumplir, pero que el joven no puede rechazar.

Es entonces cuando en la novela de Gustavo empiezan a tomar relevancia los escenarios. La primera parte transcurre en un pueblo rural argentino —un paisaje que el autor había querido describir desde siempre— y la segunda en las montañas de Galicia. “Tuve la intención de escribir topografías que tienen personalidad por sí mismas, como la Santa María de Juan Carlos Onetti, la Macondo de García Márquez o la Comala de Juan Rulfo”, señaló el autor.

Las peripecias familiares son otras de las inquietudes que despertaron el interés literario de Menéndez desde siempre. En eso y en la descripción de pueblos españoles, “Lo que se lleva…” tiene conexión con “Su boleto dice Trenel”, la primera novela del periodista. (Fuente https://www.eldiariodelarepublica.com/)","elRecado – Gustavo Menéndez presenta “Lo que se lleva en la sangre”, su tercera novela"
20211111224500-T538,http://www.primerafuente.com.ar/noticias/96808/inflacion-no-cede-octubre-fue-35-ciento,"La inflación alcanzó en octubre el 3,5% y acumuló así en el último año un ritmo de crecimiento de 52,1%, de acuerdo a los datos que dio a conocer este jueves el Indec.

La inflación volvió a dar 3,5% en octubre, según informó el INDEC este jueves. De esta manera, traccionados principalmente por aumentos en alimentos y vestimenta, los precios ya acumularon un alza superior al 40% en lo que va de 2021.

Entre las divisiones que más inciden en el Índice de Precios al Consumidor (IPC), durante el décimo mes del año resaltaron incrementos por encima del promedio en Prendas de vestir y calzado (+5,1%) y Restaurantes y hoteles (+4,1%). acciones de mineras saltaron mas del 10% por suba del oro tras dato de inflacion en eeuu Informate más Acciones de mineras saltaron más del 10% por suba del oro tras dato de inflación en EEUU

Mientras tanto, Alimentos y bebidas, el rubro más importante en la canasta que mide el INDEC, arrojó un alza del 3,4%, apenas por debajo de la media. Al igual que en septiembre, volvieron a tener fuerte influencia cuestiones estacionales.

En efecto, la categoría de precios Estacionales anotó un salto mensual del 8,1%, producto de las subas en vestimenta, por el cambio de temporada, y en frutas y verduras, que subieron hasta 12% y casi 9% en algunas regiones, respectivamente.

Lorenzo Sigaut Gravina, director de Análisis Macroeconómico en la consultora Equilibra, remarcó a este medio que, más allá de los factores estacionales que incidieron en los últimos dos meses, los precios de la vestimenta vienen encabezando las subas en términos interanuales y acumulados. ""Da la sensación de que hay algo más. La duda es si impactó el cierre de fronteras o si la mayor traba de importaciones permite a los productores locales recomponer márgenes por la menor competencia externa"", profundizó.

En sintonía con esta mirada, el economista jefe de CREEBBA, Gonzalo Semilla, asoció a la performance de este sector con que ""con las trabas de los últimos meses para poder girar dólares, no entran muchos insumos, lo cual restringe la oferta y hace subir el precio"".

En paralelo, el especialista aseveró que también hubo un crecimiento de la demanda por la mayor movilidad de las personas y aumentos salariales. Semilla destacó, por otra parte, que tanto los aumentos en Restaurantes como en Recreación y Cultura (+4%) responden a la reactivación de los espectáculos y shows, tras los extensos cierres que afectaron más a estos sectores que a otros.

La variación de precios

Regulados por el Gobierno se desaceleró desde el 3% hasta el 1,9%. Asimismo, la inflación núcleo, que no tiene en cuenta ni los factores estacionales ni las regulaciones estatales, resultó del 3,2%, contra el 3,3% que había marcado el mes previo.

La mediana de las estimaciones de las consultoras y entidades financieras que participaron del último Relevamiento de Expectativas de Mercado (REM) había arrojado una inflación esperada del 3,2% para octubre.

Respecto de la aceleración de las brechas cambiarias, que en octubre anotaron máximos de 2021, Sigaut Gravina sostuvo que esto ""no debería tener demasiado impacto en los precios, salvo por expectativas"" pero mostró preocupación por algunas dificultades para importar al tipo de cambio oficial. ""La medida tomada por el Banco Central en octubre de reducir al mínimo el pago de anticipos de importaciones complica mucho las operaciones de comercio exterior, sobre todo para las pymes. Si vos no podés acceder al oficial, tenés que ir al financiero, lo cual implica un mayor costo. En octubre eso puede haber impactado"", explicó.

Cabe recordar que a mediados del mes pasado, tras conocerse el sorprendente dato de inflación de septiembre, la Secretaría de Comercio Interior decidió avanzar con el congelamiento de 1.430 productos de consumo masivo hasta enero.

Según los especialistas, los efectos de la medida se verán con mayor nitidez en noviembre. ""El control de precios incluye retracción nominal de precios. Si esto se dio al final de octubre, no alcanzó para desacelerar el índice respecto a setiembre o quiere decir que el crecimiento venía todavía mucho más alto y la baja nominal evitó una tasa aún mayor. Noviembre es clave para evaluar la incidencia del control en alimentos y bebidas, ya que ahí se puso en marcha con mayor amplitud el mecanismo"", advirtió el economista Nadin Argañaraz.

Cuanto tan solo faltan dos meses para culminar el año, la inflación acumulada ya es del 41,8%. Desde enero, se destacaron las subas en Prendas de vestir y calzado (+51%), Restaurantes y hoteles (+48,8%), Transporte (+47%) y Alimentos (+41,2%).

También se verificaron importantes ascensos en dos rubros sin tanta incidencia en el IPC como Educación (+53,3%) y Salud (+47,5%). Esta última división exhibió grandes alzas en los últimos meses a partir de ajustes en prepagas, autorizados por el Gobierno.

Argañaraz destacó que 8 de los 12 componentes del IPC aceleraron las subas en septiembre-octubre, respecto del trimestre junio-julio-agosto. A partir de la aceleración de los últimos meses, el sector privado ajustó al alza sus proyecciones y ahora prevé una inflación del 50,3% para todo 2021, según los datos del REM.

En octubre, la inflación interanual resultó del 52,1%, inferior al 52,5% que se había registrado en septiembre. Las dificultades para controlar los precios se dan en el marco de aumentos a nivel mundial que no se veían hace mucho tiempo. En Estados Unidos, la inflación interanual trepó al 6,2% en octubre, récord desde 1990.

En China, la inflación mayorista fue la más alta desde 1995. En la región, Brasil sufrió el aumento de precios mensual más elevado desde 2002 y la interanual alcanzó el 10,7%, máximo en cinco años./ambito.com","La inflación no cede: en octubre fue 3,5 por ciento"
20211106014500-T372,http://lv7.com.ar/conmocion-en-brasil-por-la-muerte-de-la-cantante-marilia-mendonca-en-un-accidente-aereo/,"Marília Mendonça murió este viernes a los 26 años en un trágico accidente aéreo. La artista brasileña se dirigía a Minas Gerais para dar un show este fin de semana. En el avión que se estrelló también viajaban otras cuatro personas. Los rescatistas confirmaron que no hubo ningún sobreviviente.

Pese a su corta edad, la reconocida artista brasileña estaba en un gran momento de su carrera: la habían nominado para los Latin Grammy en la categoría de mejor álbum de música sertaneja por Patroas.

En las redes sociales de la artista, publicaron un comunicado en el que la despidieron con pesar a ella y a las otras cuatro personas que la acompañaban. Según detallaron se trata de su productor, Henrique Ribeiro, su tío y asesor, Abicieli Silveira Dias Filho, y el piloto y el copiloto.

Además señalaron que de momento la única información con la que cuentan es que el avión se desplomó entre Goiania, donde residía Mendonça, y Caratinga, una pequeña ciudad en el estado de Minas Gerais, ubicado al norte de Río de Janeiro donde la artista debía presentarse esta noche.

La carrera de Marília Mendonça

Marília Mendonça nació el 22 de julio de 1995 en Cristianópolis. Era una de las principales exponentes del género “sertanejo” en Brasil, un estilo de música “country” brasileña muy popular en el país. Entre sus éxistos están “Infiel”, “De Quem é culpa?” y “Me lo sé de memoria”.

Además de varios premios nacionales, Mendonça ganó en 2019 un Grammy Latino en la categoría de Mejor álbum de “sertanejo”, por su disco “Em Todos Os Cantos”. Este año estaba nominada a los premios Latin Grammy que se celebrarán el 18 de noviembre en Las Vegas, en la categoría de mejor álbum de música sertaneja por “Patroas’’.",Conmoción en Brasil por la muerte de la cantante Marília Mendonça en un accidente aéreo – LV7
20211112234500-T574,https://www.ole.com.ar/tenis/baez-atp-next-gen-finals-semi-alcaraz_0_zWBZPBUJu.html,"Sebastián Báez (111°) había hecho historia en las ATP Finals Next Gen al ganarle en su debut a Lorenzo Musetti (58°) y convertirse en el primer latinoamericano en cosechar un triunfo en el certamen. Siguió su camino hasta llegar a semifinales, instancia en la que se topó con el candidato: Carlos Alcaraz (32°). El español le ganó por 4-2, 4-1 y 4-2 en 1h02m.

El bonaerense de 20 años se volverá de Milán con un saldo de dos victorias -además de al italiano, le ganó a Hugo Gaston (67°)- y dos derrotas, contra Sebastian Korda (39°) y la última ante Alcaraz. Lo que no se ve en los números es la experiencia ganada para Báez, que había jugado apenas dos partido a nivel ATP, con una victoria y una derrota en el ATP 500 de Hamburgo. Además debutó en canchas de cemento techadas, que son mucho más rápidas que las de polvo de ladrillo que él prefiere.

Alcaraz es una de las grandes promesas del circuito. (EFE).

El desarrollo del partido

En esta ocasión, Báez no tuvo mucho que hacer. En algunos momentos mostró un gran nivel, pero el del español de 18 años fue constante. En el primer set el ibérico generó cuatro breaks points y efectivizó uno. Báez, en cambio, ni llegó a la chance de quebrarle. El saque comenzó a ser el arma principal de Alcaraz, que se sintió cómodo llevando la iniciativa. Metió tres aces en el primer chico.

En la segunda manga, el argentino ganador de cinco títulos challenger este año no pudo remontar. Para peor, Alcaraz comenzó con un quiebre que le dio aún más confianza que la que tenía. Báez terminó sin puntos ganadores y su rival con cinco, mientras que desde el saque siguió castigando: dos aces. Tras un segundo quiebre dejando a Báez en cero, el europeo se guardó el parcial.

Se despide con dos derrotas y dos victorias. (AP)

El último set fue el más parejo. En este, Báez logró tener su única chance de break. Además, lo hizo con un punto que levantó al público y que fue una marca registrada en el Allianz Cloud de Milán. Tras un drop shot de Alcaraz, Seba devolvió con lo justo y su rival le metió un globo. Ahí fue cuando el argentino sacó a lucir su velocidad y se lo devolvió clavándoselo en un ángulo imposible.

Sin embargo, el dirigido por el ex N° 1, Juan Carlos Ferrero, pisó el acelerador con el saque, la mayoría a más de 200 kilómetros por hora y esfumó las chances de quebrar de Báez. Luego fue él quien le rompió+p el servicio al argentino y cerró el partido para meterse en la final.

El saque de Alcaraz, la clave

El español de 1,85 metro pegó fuerte con el saque. (AFP)

El español dio un show en Italia. Metió siete puntos directos y terminó con un promedio de velocidad de 199 km/h. Además, pese a tener menos porcentaje de primeros servicios adentro que Báez (68% vs. 75%), el ibérico no se mosqueó al momento de realizar el segundo saque: ganó el 92% de puntos.

Báez es el único latinoamericano en ganar algún partido en las Finales Next Gen.

La final

En la definición, Alcaraz se enfrentará al estadounidense Sebastian Korda (39°). Este se impuso a su compatriota Brandon Nakashima (63°) por 4-3 (3), 2-4, 1-4, 4-2 y 4-2. De este modo, siguiendo los papeles, los dos primeros preclasificados irán por el título este sábado a las 17.



",Terminó el camino de Báez
